{"Name":"SMC","Time":49.66368103027344,"Deaths":2}
{"Name":"SMC","Time":154.86160278320313,"Deaths":12}