{"Name":"SMC","Time":49.66368103027344,"Deaths":2}
{"Name":"SMC","Time":52.5742301940918,"Deaths":8}
{"Name":"SMC","Time":75.57423400878906,"Deaths":82}
{"Name":"SMC","Time":42.06942367553711,"Deaths":69}
{"Name":"SMC","Time":69.42042541503906,"Deaths":42}