{"Name":"SMC","Time":49.66368103027344,"Deaths":2}
{"Name":"SMC","Time":154.86160278320313,"Deaths":12}
{"Name":"SMC","Time":63.22669219970703,"Deaths":0}
{"Name":"EDI","Time":45.789920806884769,"Deaths":0}
{"Name":"IDA","Time":0.0,"Deaths":0}
{"Name":"BBB","Time":49.218711853027347,"Deaths":0}